<?xml version="1.0" encoding="UTF-8"?>
<beans xmlns="http://www.springframework.org/schema/beans"
	xmlns:xsi="http://www.w3.org/2001/XMLSchema-instance"
	xmlns:mvc="http://www.springframework.org/schema/mvc"
	xmlns:context="http://www.springframework.org/schema/context"
		xmlns:p="http://www.springframework.org/schema/p"
			xmlns:tx="http://www.springframework.org/schema/tx"
xsi:schemaLocation=
"http://www.springframework.org/schema/mvc 
http://www.springframework.org/schema/mvc/spring-mvc-4.0.xsd
http://www.springframework.org/schema/beans 
http://www.springframework.org/schema/beans/spring-beans.xsd
http://www.springframework.org/schema/context 
http://www.springframework.org/schema/context/spring-context-4.1.xsd
http://www.springframework.org/schema/tx 
http://www.springframework.org/schema/tx/spring-tx-4.1.xsd">


<mvc:annotation-driven></mvc:annotation-driven>
<!-- Transaction Management -->
<tx:annotation-driven transaction-manager="transactionManager" />
<bean class=" org.springframework.beans.factory.annotation.AutowiredAnnotationBeanPostProcessor" ></bean>
	<!-- Component Scan -->
	<context:component-scan base-package="com"></context:component-scan>
	
	
	

<!-- data source -->

<bean class="org.springframework.jdbc.datasource.DriverManagerDataSource" name="ds">
<property name="driverClassName" value="com.mysql.cj.jdbc.Driver"></property>
<property name="url" value="jdbc:mysql://localhost:3306/book"></property>
<property name="username" value="root"></property>
<property name="password" value="root"></property>
</bean>


<!-- LSFB-->

<bean class="org.springframework.orm.hibernate5.LocalSessionFactoryBean" name="factory">
<property name="dataSource" ref="ds"></property>
<property name="hibernateProperties">
<props>
<prop key="hibernate.dialect">org.hibernate.dialect.MySQL5Dialect</prop>
<prop key="hibernate.show_sql">true</prop>
<prop key="hibernate.format_sql">true</prop>
<prop key="hibernate.hbm2ddl">update</prop>

</props>
</property>



<!-- Annotated entity -->
<property name="annotatedClasses">
<list>
<value>com.entity.Book</value>
</list>
</property>
</bean>

<!-- Hibernate Template -->

<bean class="org.springframework.orm.hibernate5.HibernateTemplate" name="hibernateTemplate">
<property name="sessionFactory" ref="factory"></property>
</bean>



<!-- Hibernate Transaction Manager -->
<bean class="org.springframework.orm.hibernate5.HibernateTransactionManager" name="transactionManager">
    <property name="sessionFactory" ref="factory" />
</bean>


<!-- Repository class-->

<bean class="com.repositary.BookRepositary" name="bookRepositary">
<property name="hibernateTemplate" ref="hibernateTemplate"></property>
</bean>




	<!-- ViewResolver bean -->
	<bean id="viewResolver"
		class="org.springframework.web.servlet.view.InternalResourceViewResolver">
		<property name="prefix" value="/WEB-INF/"></property>
		<property name="suffix" value=".jsp"></property>
	</bean>

</beans>